dataset,method,f1_mean,f1_ci_lower,f1_ci_upper,count
ArchiveII,centroid,0.590580716609376,0.5565632981020701,0.6250517505055695,200
ArchiveII,mea,0.5822013679252439,0.5455709533155281,0.6183185118437174,200
ArchiveII,mfe,0.5616424102273487,0.5237129864881004,0.5993182761199998,200
Rfam_seed,centroid,0.5863375559284664,0.5540342227853228,0.6170701996120482,200
Rfam_seed,mea,0.5820906121840838,0.550169857678201,0.6133281104377818,200
Rfam_seed,mfe,0.5686455769505263,0.5367050439747143,0.6020365968704591,200
bpRNA_TS0,centroid,0.5316073833224431,0.48953665041417566,0.5739775582811518,200
bpRNA_TS0,mea,0.5251632908632466,0.4853079868060132,0.5666040947223892,200
bpRNA_TS0,mfe,0.5143824297662901,0.47121521895891577,0.5559214011756928,200
