dataset,name,length,seq_sha1
ArchiveII,srp_Sola.tube._DR037645,251,cb321806cbfa1b431a95075bef02f02f9fe04d18
ArchiveII,5s_Drosophila-yakuba-1,120,50f18fe16aae9f84365fcb6d2c6c1ec50754b256
ArchiveII,5s_Acremonium-persicinum-2,119,e9da47c80cb456d19ed7f6962aff4bdce630af90
ArchiveII,tRNA_tdbR00000264-Caenorhabditis_elegans-6239-Leu-IAG,85,769b4639f738946b86e6e61746a8ea1c7eeafa42
ArchiveII,5s_Spirocodon-saltatrix-1,121,21d67bffebe4341540c5cb1885fc65d437d64c33
ArchiveII,5s_Pseudonocardia-hydrocarbonoxydans-1,120,2db23a1582361637f82a0e82d282b2e623640abf
ArchiveII,5s_Paracoccus-versutus-1,116,87c9c36cd6408f055bedd743e367340b1f1581a4
ArchiveII,5s_Fusarium-lunulosporum-8,119,ad3cb7fece7878c97c3c0545193ff9f6acd74a6b
ArchiveII,tRNA_tdbR00000232-Phaseolus_vulgaris-3885-Leu-NAA,88,562474bfb8668388643f756c2d2b2799fb331345
ArchiveII,5s_Cryptosporidium-parvum-2,122,91aee43fdd9aac62d5af8d0b80cd1e6790f91e44
ArchiveII,srp_Xyle.fast._AE003849,117,268f865eeb7dd0a87661771050c9e562bd52d834
ArchiveII,tRNA_tdbR00000255-Candida_cylindracea-44322-Leu-IAG,85,832beba3234d706f3f5728c0f5192ff11014340b
ArchiveII,tmRNA_Nost.spec._BA000019_1-390,390,02410d605d91e69bb910d48412aae7755312a423
ArchiveII,srp_Homo.sapi._AL139099,302,0442dc7d8b0fa5c125aa1b78930f3645e0791e82
ArchiveII,5s_Chlamydophila-pneumoniae-1,117,f7684f49bc46db29bb2fbc250028d08383d4fafa
ArchiveII,srp_Myco.spec._CP000384,88,f3208806458d377f52ca09ff2ab74c0f08161f35
ArchiveII,RNaseP_SM-A1417,302,715216c31281198e4bd2c8b2b4090a08a5df600e
ArchiveII,5s_Amycolatopsis-lactamdurans-1,120,6f7651027dc7cf6c39c0ef7e7948bda1beafe588
ArchiveII,5s_Akkesiphycus-lubricum-1,118,20202a9b99bf8c62eec0d66fcd177057e5ac23c6
ArchiveII,5s_Colacogloea-peniophorae-1,119,b1ecbda732d5a4bc4fbb22fa06a12f2a4be5b5ef
ArchiveII,5s_Oceanobacillus-iheyensis-3,116,ef4bc70af32f5601c693ce8d0e38cc956874ef70
ArchiveII,5s_Pinus-silvestris-1,119,0ebd1839dd174c67d5afd9a26952384843349d0e
ArchiveII,srp_Cion.inte._BW223536,279,f72a649ac05bcc1c4b027e806653e517e7ebe6d9
ArchiveII,srp_Para.bras._CN241909,127,4a729a83f19575b021da26c91daa2eacd80584cb
ArchiveII,5s_Aeromonas-hydrophila-1,118,dee33576931505c59642893ac5998ca7ddccfcbc
ArchiveII,srp_Leis.braz._SDB-87235,279,187bb60b24939ebd03a214d45a6c739716643ca6
ArchiveII,5s_Moniliella-acetoabutans-1,118,6aaf309dabd6faaf7ebcc28a3394e7965be7f0b8
ArchiveII,tRNA_tdbR00000141-Salmonella_typhimurium-602-His-QUG,77,0f74e9b7807a5df285e572d9113ec5a6176ad7eb
ArchiveII,srp_Stre.pyog._AE004092,73,fa6698d83271660c569667369f35a0acb2988146
ArchiveII,tRNA_tdbR00000078-Ascaris_suum-6253-Phe-GAA,62,711c6fda84fd5341693a3e47ddb024d63805e845
ArchiveII,srp_Homo.sapi._AB061847,302,0442dc7d8b0fa5c125aa1b78930f3645e0791e82
ArchiveII,RNaseP_SM-A03,321,01bea9c1e2b2a476777edb16601d2c2836483c6e
ArchiveII,5s_Oryctolagus-cuniculus-1,120,9f26fc024d2ac7e9d3c7c2bc5fd8d0d098b5e098
ArchiveII,grp1_a.I1.e.C.saxonicum.C1.SSU.1506,448,30c2d0380bb168e59672c297f55812f7b981135c
ArchiveII,srp_Myco.pneu._S76009,79,4da72132ca4991ca8cad6a8071763a169f1eae66
ArchiveII,5s_Staphylococcus-epidermidis-1,115,fe47f1ca7f6be7b6ec96097bfea21991cc94ead9
ArchiveII,tRNA_tdbR00000572-Leishmania_tarentolae-5689-Lys-1UU,73,ab5b4a7ac331a17deaf9aab66a854cc7b38d9cf7
ArchiveII,tmRNA_Haem.infl._U32808_1-366,366,b105fba023d6d37d660ba98e9c414b6a4ad642d8
ArchiveII,16s_E.coli_domain2,354,7eb30299ac41f5dab23fdd1462f5aad63a85635c
ArchiveII,tRNA_tdbR00000343-Mus_musculus-10090-Gln-CUG,75,4a6ada2eecc717b53af6b190a66b1367348de1bf
ArchiveII,tRNA_tdbR00000551-Saccharomyces_cerevisiae-4932-Tyr-GUA,88,9c220ba862f74c4c507a91a5978d18451bdd5039
ArchiveII,5s_Halorubrum-distributum-5,122,c822aac1171f16074211085aaa5209879820c176
ArchiveII,tRNA_tdbR00000061-Mus_musculus-10090-Glu-CUC,75,c5a0837a2a76a408fd9252082f283ce34b3cb557
ArchiveII,RNaseP_SM-A1726,338,67b2e451019ad7bd365d3ca52b46af6ffb52f0ae
ArchiveII,RNaseP_B.pertussis,414,1cde02b519f04e4b52804d5ec8c35ce86362dea6
ArchiveII,5s_Staphylococcus-aureus-3,115,bbdb4ec4a216037e00052f7a406592d5f50b3d18
ArchiveII,5s_Halobacterium-salinarum-1,121,a96194251773d1b6578eba60d5f2218bab1b866e
ArchiveII,5s_Neurospora-crassa-9,120,696fe8571944734e2e1dc4ff4e3671929f06abb5
ArchiveII,tRNA_tdbR00000362-Saccharomyces_cerevisiae-4932-Arg-NCU,76,b8d744564daaa96e0d8c2b6f4d05823f75fb67c2
ArchiveII,RNaseP_A.truei,320,cc2f2e13c5e112077d3348636993ee1cb3a4fe17
ArchiveII,5s_Cryptosporidium-parvum-1,122,91aee43fdd9aac62d5af8d0b80cd1e6790f91e44
ArchiveII,5s_Clostridium-innocuum-1,114,4ae11317c240a730cb76bd809113ff6510e38936
ArchiveII,RNaseP_M.phosphovorus-JCM9380,306,f77555fda50cabf5cbc82ec0336b7b54f1e7111c
ArchiveII,5s_Corynebacterium-diphtheriae-2,121,620d35716774f7b4d1598bbd6592bbcc1a792816
ArchiveII,RNaseP_EM14b-11,349,de154540fb8a9cd205e5990cd8fda46a45f4883e
ArchiveII,tmRNA_Chla.trac._TRW-272561_1-420,420,8ae68e308c79a326d05aa59af33c5e9cd17699c6
ArchiveII,RNaseP_C.limicola,386,4273ded4c2a83026b2e63ad1f97747f22119fad4
ArchiveII,srp_Pedi.pent._CP000422,59,0a521a9c299b9830e5c6489c30489ae3386056a4
ArchiveII,5s_Salmonella-enterica-8,120,dc23a8b7535a72bb25baa3b6c565d9a7821e409b
ArchiveII,tRNA_tdbR00000558-Triticum_aestivum-4565-Tyr-QPA,76,d347e53914b683ba4cf8784d9e89ce192a637880
ArchiveII,5s_Auricularia-auricula-judae-1,118,9b21fb39ffe4c654763cb21827c35e95eb174031
ArchiveII,tRNA_tdbR00000204-Loligo_bleekeri-6617-Lys-CUU,76,742f286a0580bf72f82c019560561c06a1ca1966
ArchiveII,grp1_a.I1.m.S.pombe.B1.OX1,343,0fcc1e509ea37410b13280ab4dcb0fa765fc17cb
ArchiveII,srp_Gibb.moni._GSP-334819,298,ba210cc68ddad653411c797f2ba89b9f26a2f5aa
ArchiveII,5s_Euglena-gracilis-2,119,73ab8123c5fc2e7ed8026c2f0a4c8147af03d2e0
ArchiveII,tmRNA_Syne.spec._TRW-1131_1-399,399,bc3a0367691db854a4c7e31f5cb29bf28dcef7ad
ArchiveII,RNaseP_M.hyopneumoniae,416,a54787490306bd04a86aa99822e13505d510b38a
ArchiveII,5s_Candidatus-Pelagibacter-ubique-1,119,d2a9086168370fe55c551c0901114ca017d50ee8
ArchiveII,srp_Hypo.jeco._GSP-334564-2,298,d03330044386961291b7b9282e090cebcd48772f
ArchiveII,5s_Symbiobacterium-thermophilum-4,110,50f12b1044a9652ca4b0fe5883ab1da6689f63bb
ArchiveII,tmRNA_Acti.acti._TRW-272556_1-366,366,b679b11ef500d771c9ad76c0140e805ed1233932
ArchiveII,srp_Rick.prow._AJ235273,99,04b8aa47b458144ecea4f9a57525d5587de229ba
ArchiveII,srp_Pseu.puti._AE015451,100,ca59a8978e2eb1f0bf28259f1a435855f1bf5ac3
ArchiveII,tmRNA_Myco.hyop._TRW-295358_1-424,424,91ed43a493351717a29d170d745903bf1f36771c
ArchiveII,tmRNA_Esch.coli._D12501_1-363,363,b7018e603856c9fe6a6280fb0c12215b78e49f07
ArchiveII,RNaseP_ESH210B,327,c77d3d841304a1918457cabdf10d9561316af5a6
ArchiveII,srp_Meth.acet._AE010299,316,25c7c59934ecdbaaea877b264a83ea7ad4de2b7f
ArchiveII,5s_Methanospirillum-hungatei-1,126,087ed80e49ffd9aa63eb04f3b93d1c47d523dbfb
ArchiveII,tRNA_tdbR00000092-Oryctolagus_cuniculus-9986-Phe-AA,76,88c6ae6fd7b66dbb8a8840a8958f8a3aec9f2b86
ArchiveII,5s_Brucella-suis-2,119,8a650e1f3b9aaad45d42284f6005e8946f5b09fa
ArchiveII,5s_Bacillus-anthracis-5,119,d4a7e4a30a4a08ab95a2759e0e7dd03d16136fcc
ArchiveII,srp_Ther.ther._AE017221,105,8ee8c1b1bdbf13362838e752bb22d6669e926e2e
ArchiveII,5s_Photobacterium-angustum-1,120,011379512348d0153458d46b9edbc3fa827c9ce0
ArchiveII,tRNA_tdbR00000406-Saccharomyces_cerevisiae-4932-Ser-NGA,85,833853be818b1abaaf9a455e72a2fe1005b298b8
ArchiveII,5s_Streptomyces-purpureus-1,120,868303055dcf53a1ca4fb0ac393f962a2543ddf3
ArchiveII,5s_Candidatus-Tremblaya-princeps-2,117,27e815e917e20842d852390aa27dabfba254e264
ArchiveII,tmRNA_Cyan.para._U30821_1-291,291,db66e220466719b58422c0cf265cb11741289f8d
ArchiveII,5s_Pirellula-sp.-1,111,235d4b6cc0311e77d65efb97a1c72c29a06eeb36
ArchiveII,tmRNA_Geob.stea._TRW-1422_1-352,352,6fbc85465a03eb1ac6cf81d4b424ccc1a74a94e4
ArchiveII,5s_Cryptococcus-humicola-1,118,cb715999e62679d67338dc22c391d7bc7407dd29
ArchiveII,grp1_a.I1.e.P.carinii.Pc3.C1.LSU.1921,381,2fc124592d753d22e00a3f30067dc4d9a68af936
ArchiveII,srp_Shew.onei._AE014299,114,f5c4b3797fe9f4dbf2840d6edd76475967fb980f
ArchiveII,tmRNA_Baci.cere._TRW-226900_1-355,355,69da7b8a744050ce43d55f30d8445aa206d3c6f5
ArchiveII,RNaseP_G.gorilla,320,73839e799f427f4e6369f9aab84e580e41746110
ArchiveII,5s_Helix-pomatia-1,119,470320b82a2785eb5d069fc5aef582479418df8b
ArchiveII,RNaseP_L.borgpetersenii,336,150f45ef8f311cb0c07a11357e31a420f0e9eb0e
ArchiveII,RNaseP_DU1,294,6b9eb5d473177410a049663f12fea3ba69517ee6
ArchiveII,5s_Nadsonia-fulvescens-1,121,818c6fa0389de715c649936aa0d3cb454dfea20d
ArchiveII,srp_Urea.parv._AE002112,102,7fe5424650d875fe8a4324f6b34c90b3d171947e
ArchiveII,5s_Saprolegnia-ferax-1,118,b3ca1ba39dc5e8da032d7ce60097cb255cafe335
ArchiveII,tRNA_tdbR00000080-Bos_taurus-9913-Phe-GAA,70,a86752529db68ef17166327591a8d2403202b2fa
ArchiveII,tmRNA_envi.sequ._TRW-300695-2_1-345,345,ab247746d069679f7e37edf7365eee6f6ddeea75
ArchiveII,srp_Zymo.mobi._AE008692,103,830bf8484002e53d0ca311fa7384dc11f9c09105
ArchiveII,srp_Stre.muta._AE014133,73,21ebd6fa75228ed45c2063396d4f1a221f8888d0
ArchiveII,5s_Burkholderia-caryophylli-1,116,bae03a72c5a2558564e0e57337f21d5c06377551
ArchiveII,srp_Plas.know._GSP-5851,302,c6449fe2cffbb7fc2c3fb2477b9fd6133b4292bd
ArchiveII,srp_Shew.balt._CP000753,93,fd39cb915bfa7777b20fa19e15eaa57596e8911b
ArchiveII,5s_Lactobacillus-acidophilus-1,117,4942205dc53558c25ef112d6c141cf1b24ac2ce3
ArchiveII,srp_Fuso.nucl._AE009951,99,0340e35286658ed097ae46f6df9aec92a8d75c47
ArchiveII,tRNA_tdbR00000202-Drosophila_melanogaster-7227-Lys-UU,76,e80446ca25e2ab0e1118aaa2e57f1302b9d9190e
ArchiveII,5s_Pseudonocardia-halophobica-1,118,4a33152f1e4098f91fe9f385baaf8a9dfb0705fa
ArchiveII,5s_Herpetosiphon-aurantiacus-1,117,cc471987e3018246ca7a48ca9c493e50fab4a2c1
ArchiveII,srp_Agro.tume._AE007951,103,993496f32202fe1e2f53e2500df895b49edc9b82
ArchiveII,RNaseP_M.maripaludus,233,8f1a7c92aa9ecbdacbf010137a87eeeaa49b050b
ArchiveII,5s_Secale-cereale-2,120,fa8f5046fc34c536456e17623b0a4c611e8f3655
ArchiveII,tmRNA_Ther.teng._AE013063_1-351,351,50b4d65e534cc10e24863c43eeaf7f990718641d
ArchiveII,srp_Sorg.bico._BE594178,305,407bc477876b79a8a628ef16d5c9dda4501f797c
ArchiveII,tRNA_tdbR00000019-Mycoplasma_capricolum-2095-Cys-GCA,75,21133faf4cac5677c24bb4f053439d2724dcef84
ArchiveII,srp_Lact.plan._AL935253,84,2ef4930fe0b0c94b5873385c88b32e6cd3bc3131
ArchiveII,5s_Oerskovia-turbata-1,120,8d57de5f92e447bf03ca851ea29851e11b32c8b2
ArchiveII,tRNA_tdbR00000004-Haloferax_volcanii-2246-Ala-UGC,75,f11fcc72c7234bd55f9bdea01aacc3c6c4f5ed7e
ArchiveII,5s_Wolbachia-pipientis-1,107,b3df13048133bf4797ecd2665c63ecd92d95290f
ArchiveII,tmRNA_Burk.xeno._CP000270_1-370,370,234c228e40b4b7e3bcf7a897a97cd3b3e8fb5900
ArchiveII,tRNA_tdbR00000382-Haloferax_volcanii-2246-Ser-MGA,88,f41d2c5ff1719d25e594f868ea63b7c936463416
ArchiveII,tRNA_tdbR00000418-Nicotiana_rustica-4093-Ser-IGA,85,21805c1e8aa88132df33cb96b2d2076471a1ca79
ArchiveII,5s_Bacillus-thuringiensis-2,114,ae061d58a7360cb5ae5ac150f57fdcebed9c4a43
ArchiveII,5s_Photobacterium-profundum-2,118,ec6bfc2204ef41082c08b2cc1e78f7cca528b224
ArchiveII,telomerase_AF221913.109-520,412,82a12b2d6a150d3b5ef581a65a4470af148e2cb8
ArchiveII,5s_Amycolatopsis-mediterranei-1,120,6c3b8f1a282775956f9213a8411f80a20c65f066
ArchiveII,tRNA_tdbR00000548-Scenedesmus_obliquus-3088-Tyr-GUA,85,75562eef697262d718348bde0bca7056b4e7d29a
ArchiveII,5s_Vibrio-fischeri-2,119,58ac085c654a72ce0dc95377580015b591b398b2
ArchiveII,RNaseP_Prochlorococcus-TAK9803-2,308,6dda90767f5ec8fe5b662c62f792a0042752cd81
ArchiveII,5s_Scenedesmus-obliquus-1,120,b5cef977354a0f0eadd8884765bf0f2341b60466
ArchiveII,5s_Branchiostoma-belcheri-1,120,0de3726452bc8171582500da30c978c3a4f053f0
ArchiveII,5s_Natronomonas-pharaonis-1,119,8c1b72b7807590db1752ea493573550217350dc7
ArchiveII,tmRNA_Stap.aure._BA000033_1-362,362,3620f91194f32f3df4fefd1c6ae0c25bfb364f0b
ArchiveII,srp_List.mono._U15684,279,0ebe17eea5c590b6c106217f52c95f0b74f715a7
ArchiveII,tmRNA_Lept.inte._AE016823_1-350,350,421544331e582eb6c2f69300b833750df8b52ca2
ArchiveII,tRNA_tdbR00000149-Homo_sapiens-9606-His-GUG,76,4b2d679a12a8182aa87ce65fda80b95ff5cc5c10
ArchiveII,5s_Vibrio-cincinnatiensis-1,120,9850dabc96ca2e7a51aa2dcb10b92f4e5c9c1d03
ArchiveII,5s_Neurospora-africana-1,119,9668678ed05a24cedf090e6cf27c571486d3aa5b
ArchiveII,srp_Symb.ther._AP006840,105,e87ce238dee623f254e6f287e0639de8029104fe
ArchiveII,srp_Caul.cres._AE005673,93,a0caf2de28eb278e05bdc2ebc4ba8d1060ec96b1
ArchiveII,RNaseP_P.strasburgensis,314,1f70ddadc7c6b19c7aa3f2d9626a962f64164fda
ArchiveII,tmRNA_Myco.geni._TRW-243273_1-388,388,d153f6c7e73bd94267f86457e39037bea6fae8eb
ArchiveII,tmRNA_Stap.epid._TRW-1282-1_1-361,361,a541d2c1e38b21cfe7d72c6d03ef0673b2574005
ArchiveII,srp_Stap.aure._CP000046,101,5ae6527db8c106cccb9af4d5c6ce7f6d661be1dd
ArchiveII,grp1_a.I1.m.M.grisea.B2.ND1,285,361cddeb1b9acedf3f168070a91559e7b76d2dda
ArchiveII,5s_Fusarium-sporotrichioides-5,119,a59bf196995356a917cb20a46be264f60bf2d249
ArchiveII,5s_Salmonella-typhi-1,116,91b566cd73a5fffae7f1c0f8b5ad683adfc0db4c
ArchiveII,5s_Pyrococcus-abyssi-1,118,01398bf97935c12db9efad13f6fb3ca41899dc93
ArchiveII,tRNA_tdbR00000280-Saccharomyces_cerevisiae-4932-Met-CAU,77,3eb3aaf0f0eb916c3e9a71dea89d21f8d73d561d
ArchiveII,srp_Leis.dono._AY722733,138,932f911e830f48e27580aee460e2bc8d9eaf6faf
ArchiveII,srp_Haem.infl._CP000057,115,261f312997f8402e33adf7ed9c65859cd235a7c3
ArchiveII,5s_Saccoglossus-kowalevskii-1,120,53f811d1be89797539dcbeaa952d6d752b9916df
ArchiveII,tRNA_tdbR00000288-Mus_musculus-10090-Met-BAU,76,f44ca6ee0feb7a927af6ffc5ee1bd1d8663c8bbf
ArchiveII,srp_Myco.capr._CP000123,98,ab35ba61ca982909b68b5e79926e8f7857546033
ArchiveII,RNaseP_SM-A5584,341,49567fe90d0690d21b54f089be015215d25d5687
ArchiveII,tmRNA_Prop.acne._TRW-1747-3_1-353,353,76055ea8cb5bee21919dc127d75c2c3da448ac0d
ArchiveII,srp_Myco.aviu._AE016958,88,597bb2eef96dc45bae3f38c852288487fe51c316
ArchiveII,RNaseP_PS4,297,81c5e4447d1b905e3c7d1873377208b626962286
ArchiveII,RNaseP_ESH212C,355,57c3fc3d9eaf02e1d427b1aef2b3cd3abb8f979f
ArchiveII,5s_Oenococcus-oeni-1,116,05809c3abe09284191ebbed3e915858e1d89d0b2
ArchiveII,5s_Fusarium-lunulosporum-3,119,c3549f191b22fc04ca91530d553baef55180b6b9
ArchiveII,srp_Clos.perf._BA000016,268,63f2c2b1bd11c0c831e59ae0ea801b152bf09c3f
ArchiveII,srp_Burk.pseu._CP000572,79,8e51fc1ac449456e7b4e60255eeecb9687dc2114
ArchiveII,5s_Clostridium-acetobutylicum-2,117,d31c6dce161533e552a95c16add6807612193ce0
ArchiveII,tRNA_tdbR00000330-Haloferax_volcanii-2246-Gln-MUG,76,be73ca5ced3282e637c49bbf30af04f13af39bbc
ArchiveII,5s_Bacillus-cereus-1,115,c98d6c4e1e906f46eb2dfd5949f6bcd237800515
ArchiveII,tmRNA_Esch.coli._CP000247_1-363,363,b7018e603856c9fe6a6280fb0c12215b78e49f07
ArchiveII,5s_Drosophila-mauritiana-1,120,50f18fe16aae9f84365fcb6d2c6c1ec50754b256
ArchiveII,5s_Haemophilus-aegyptius-1,116,0c5cd1130df45adcf552deb11e97c9d79e2f93fe
ArchiveII,srp_Rhod.spha._CP000577,42,9c827e340e7b7851346fc7c397a1a6623de0847f
ArchiveII,5s_Halorubrum-distributum-7,119,6d7860dfa0c14db25499613683a4b69ef646ec3e
ArchiveII,tRNA_tdbR00000490-Saccharomyces_cerevisiae-4932-Trp-CA,74,b065ab3db41c9aad411fbc871bac9ace4bee0a53
ArchiveII,srp_Yers.pest._CP000668,114,9df8c2b4168f501b56cdb6a2b0fb29cae0635f14
ArchiveII,RNaseP_SM-A1519,300,d7af797ed8a9b48c70b0ce002ee7c990326332bd
ArchiveII,srp_Nitr.wino._CP000115,39,bc794b62f79e2ee912a11ec5b25e7f3c75f81edb
ArchiveII,5s_Bombyx-mori-1,121,ec8821b07b3e620717f6a6fade917be2c3cb3e4f
ArchiveII,RNaseP_N.jensenii,326,39be7672025fc4f7b3bf93f7d5f7dd80d82ef1d7
ArchiveII,RNaseP_M.thermolithotrophicus,234,f1f775ac35fca9bce296c8b7ac508a696af0a129
ArchiveII,srp_Nitr.hamb._CP000319,101,439b75ecec6381e4397d4dc3cefc5954038239a7
ArchiveII,srp_Arch.fulg._AE000782,310,bae0a3b6721dd032ac4d086dc61ac771e33bb370
ArchiveII,srp_Esch.coli._AP009048,117,d22ff650c91d3401eee4cb1a1fb6548fd14cdc40
ArchiveII,5s_Rhcoc_fas1B,120,072b49e0b805aa3c47202ff62aae481ed81f9661
ArchiveII,srp_Kluy.walt._AADM01000319,411,5888d4bb9175b76dc9aa01f39d627ce0865979a1
ArchiveII,tmRNA_Esch.coli._BA000007_1-363,363,d6883fe00dcb2141d9f069750168825874abf88a
ArchiveII,16s_P.occultum_domain2,358,65b724eb0815a3e107b1b872d04595b77947d5e7
ArchiveII,srp_Yers.pest._CP000308,117,d22ff650c91d3401eee4cb1a1fb6548fd14cdc40
ArchiveII,tRNA_tdbR00000162-Spinacia_oleracea-3562-Ile-GAU,75,3d058193e3fda60666255d669b64a53624429e20
ArchiveII,5s_Emericella-nidulans-1,119,d3b916deae7b164dbda3ca78a69b4da6344034b2
ArchiveII,srp_Zea.mays._CF602412,303,8daa5675d5a2e53f7daaaa809e177f8d33e8bd56
ArchiveII,tmRNA_Myco.geni._U39713_1-385,385,31db838f70d43ba342b1c82ea3bd568c20e335a8
ArchiveII,srp_Gluc.oxyd._CP000009,81,5a158a1aa3bc2f1c0bbcb8809a309a3d7f703821
ArchiveII,tRNA_tdbR00000309-Enterobacteria_phage_T4-10665-Pro-NGG,77,0e6b5387ae4254524fe3d99297918521f879173f
ArchiveII,5s_Sandaracinobacter-sibiricus-1,120,7eb46b088d5ed3a95833f3e1558aaacd7b2a2641
ArchiveII,tRNA_tdbR00000383-Haloferax_volcanii-2246-Ser-GGA,84,f58e37d975f6cb44f0452ba8ea7cf1898debe3f8
ArchiveII,srp_Stap.aure._AC025951,101,5ae6527db8c106cccb9af4d5c6ce7f6d661be1dd
ArchiveII,5s_Taphrina-deformans-1,119,48c54aba9aaa7f098370ae43715a43381b4e730d
ArchiveII,RNaseP_T.delbrueckii,295,1274874541dc5881c514ba263521b257d35212b5
bpRNA_TS0,bpRNA_RFAM_15065,87,039474a9cf69a5884600f1e163cd5b085b90d113
bpRNA_TS0,bpRNA_CRW_31722,72,80132b849450f26db9051a1c5a27590db325172a
bpRNA_TS0,bpRNA_RFAM_25434,37,4285d642fc20853661bce064565a663c7f5ab035
bpRNA_TS0,bpRNA_RFAM_2306,278,5726143b8f86141c117998a1ecbdbb2d9052edae
bpRNA_TS0,bpRNA_RFAM_21697,181,f06e6a34ef9d5ce0ef3cfeb4c23d90e875ffd26a
bpRNA_TS0,bpRNA_RFAM_16915,132,b989b8d467b5ac696f549e19388c161b72f5fd77
bpRNA_TS0,bpRNA_RFAM_14208,129,f7365b15f904c7518832bae30a867d2fa2b34e42
bpRNA_TS0,bpRNA_RFAM_6217,187,fe5ce8cf087ff1b3423b5f8324f5abb70940f344
bpRNA_TS0,bpRNA_RFAM_13033,166,e977ef36f854ba22e1246d91df29ad90af8dc44c
bpRNA_TS0,bpRNA_RFAM_9189,234,b929e18de972df88a190a1a9466797d89beca949
bpRNA_TS0,bpRNA_RFAM_36422,123,12135d91fc3523d9efc9664d7f18c2293b166440
bpRNA_TS0,bpRNA_CRW_42692,76,91f21c685f13065ce9650a521c9b4465616a08ae
bpRNA_TS0,bpRNA_CRW_41231,79,23f6afef328d2b30221248b94fcc3b072c672906
bpRNA_TS0,bpRNA_RFAM_13647,138,ca50c38d45118fdfdef7ee83e72b701b4d30b558
bpRNA_TS0,bpRNA_RFAM_21540,83,3c292f74810528f34e25225fc02fd8e10cae924a
bpRNA_TS0,bpRNA_RFAM_22343,96,36b4c1b82dee0c1eb91ee2786060d88a9976c7d2
bpRNA_TS0,bpRNA_RFAM_42440,109,884aed9a57d5731959d3459a1aa11d07fc302746
bpRNA_TS0,bpRNA_RNP_182,313,aad39b0c65fd8afc40bd6fa40dfd1e745b4cb69e
bpRNA_TS0,bpRNA_CRW_33861,72,aeee88ffc0a83990ba44c4fdaa4f7dba0a5d256f
bpRNA_TS0,bpRNA_RFAM_7485,95,7b750e3a20d6fbd7ca32b1135e1657def4af3d76
bpRNA_TS0,bpRNA_RFAM_20546,80,c500c8b90c561d8e9d39527e1c66785daf78dc75
bpRNA_TS0,bpRNA_RFAM_36169,107,a97701138ceed0eb8f457cd87b756c5c6ac39083
bpRNA_TS0,bpRNA_RFAM_21587,81,1e0472c7bcde8d7e368f25551ee7f57e1e58920d
bpRNA_TS0,bpRNA_RFAM_38158,154,3154eb5518da22d1a1c37a067a71ab48a409cfdc
bpRNA_TS0,bpRNA_RFAM_9138,205,2118d3972501d513302b52f67b81bb4906d0ad87
bpRNA_TS0,bpRNA_RFAM_25637,77,56ae7ba13402d8b5ba6bd66e77e15ba345623a5b
bpRNA_TS0,bpRNA_CRW_20109,124,17c3da7d696af760530f091bc77321b3cc1768b8
bpRNA_TS0,bpRNA_RFAM_18619,126,d625f5e56ee8760d1e26dd7ee2a42146e38221e3
bpRNA_TS0,bpRNA_RFAM_36465,122,53d3138173d3688e0dd92bde94d207efb06dff99
bpRNA_TS0,bpRNA_RFAM_2954,218,b0a20537dca1650566025de24017fa477aeb3b30
bpRNA_TS0,bpRNA_RFAM_18409,66,dd69cce6ac5f3d37adef835d6180042811b13ed7
bpRNA_TS0,bpRNA_RFAM_21383,97,c5a63b9758aa98639c73753dee62c7613a85a7a3
bpRNA_TS0,bpRNA_RFAM_29020,67,b9125d3782ae2486387d6111f590f693a30cbead
bpRNA_TS0,bpRNA_RFAM_1364,68,95364131b3fa9a6e52ab5e2a678e839be2582462
bpRNA_TS0,bpRNA_RFAM_33614,88,44cca7f21b87439a6464bba239217d779c9f70df
bpRNA_TS0,bpRNA_RFAM_13841,129,3cd5a77a28b7a228792b336ddc41d4e8f8cdc49a
bpRNA_TS0,bpRNA_RFAM_3130,196,2bb3707db76653e62c2c5d2ab162777f78847f79
bpRNA_TS0,bpRNA_RFAM_2987,214,3ec37a622b2a67943543926472487b2855e48e94
bpRNA_TS0,bpRNA_RNP_31,293,131c758081f25534888eece9672a372451fe41dd
bpRNA_TS0,bpRNA_RFAM_24804,386,bb8f4151e65a6f0f1f648d82ade76ba42ce98def
bpRNA_TS0,bpRNA_CRW_54567,408,f3f54bea0d3137ad61aaebede9561694efb79d72
bpRNA_TS0,bpRNA_RFAM_38634,111,71c08850595ea8a88aaa303881e9a14140bf96ee
bpRNA_TS0,bpRNA_RFAM_5782,135,9b83762d1e6f4ff2f741888a0e7c19bf00686a88
bpRNA_TS0,bpRNA_RFAM_15943,74,15bd7f6b886e369817443fd3d09ed4e93baf8423
bpRNA_TS0,bpRNA_RFAM_33533,58,9046d9fca0bf2d506c8750442cf72510e267b9dc
bpRNA_TS0,bpRNA_RFAM_12780,143,2afbde85c80b2050b02fa82ef375ed8f29d662dc
bpRNA_TS0,bpRNA_RFAM_6799,76,08d4bd401c91d731b6b21a2c8680b5ebeb6ed1eb
bpRNA_TS0,bpRNA_RFAM_26330,90,bcee6e85d98dead3141c3dd3cc4e1662fcf95087
bpRNA_TS0,bpRNA_tmRNA_240,396,284d3916896060eba78a185b49266ce37062807c
bpRNA_TS0,bpRNA_SPR_563,77,5169e4fdfeecd1e7b702faa2859836bd7829a94e
bpRNA_TS0,bpRNA_RFAM_31470,52,aae002bc36c63e017421db342bc1c5dbb0f9f082
bpRNA_TS0,bpRNA_RFAM_8538,100,0c17a56fbbf75d83611fa547cbdc637b90fb8369
bpRNA_TS0,bpRNA_RFAM_2008,70,9f59ad6b08ee5ea543fc5b8b3dd68949016d0ae8
bpRNA_TS0,bpRNA_RFAM_1177,70,6edf722f30d4c60f02ac98add0ee6fa8f8e7c7c6
bpRNA_TS0,bpRNA_CRW_54646,373,c2dde69115da6b802e9b97f91b006d9fd174ecbb
bpRNA_TS0,bpRNA_RFAM_22044,78,faee595b4e313b26e48fcbe31baa5cc2f396def0
bpRNA_TS0,bpRNA_RFAM_26243,178,b33920e578b9ba2051df9f68d765258b630fd9f8
bpRNA_TS0,bpRNA_RFAM_12784,121,2206e882e1dae9571ac1aa5e3ad12030806e2e74
bpRNA_TS0,bpRNA_RFAM_141,116,42caa5affc75bbfd6d6435c74c5bd3cecef29eba
bpRNA_TS0,bpRNA_RFAM_38360,224,fbdde934daff1a9196142bfcd253a8ec504e5470
bpRNA_TS0,bpRNA_tmRNA_643,366,14c7383b7942200d2cb145c88586db1f2f0ac635
bpRNA_TS0,bpRNA_RFAM_31580,89,123ba6a219d529dc623bfe0c9fa8b81c65f64f66
bpRNA_TS0,bpRNA_RFAM_18693,79,af4808302eee1a23728a4a0d19ddee5131f3d8e1
bpRNA_TS0,bpRNA_RFAM_32073,69,42bb8a1075cbd6f767fbadd4a4bedb449e25acc4
bpRNA_TS0,bpRNA_RFAM_30886,103,1ab4dfa6ecd443cbf0ef88a1f0d7022b3cdba950
bpRNA_TS0,bpRNA_RFAM_21157,91,7becd6e016ea05429fef42a8447eeee4b47f97f9
bpRNA_TS0,bpRNA_RFAM_24956,94,55bac95ab2439c8f1f3442ae1766eb5da2c90dd5
bpRNA_TS0,bpRNA_RFAM_11948,129,97ddb3f4fdefed7a76f32191cdd398e3933bdd4c
bpRNA_TS0,bpRNA_SPR_111,86,62639ae38e5c881790351e21c2644fa3855edf0a
bpRNA_TS0,bpRNA_tmRNA_610,350,c73ae9710148023ef332b742cbbbb901d43677e3
bpRNA_TS0,bpRNA_RFAM_18946,107,01e149aeb10dc9a351c1d77a6337649b0abc74c7
bpRNA_TS0,bpRNA_RFAM_5690,70,09310ed3dfd6002524b80bbf96777473c83d4317
bpRNA_TS0,bpRNA_RFAM_18698,82,a15fefecae5bd4ab822312afa1fda6e866a85e16
bpRNA_TS0,bpRNA_RFAM_38847,65,033b583928f0a6ed8467038a9c45d7d5acbc68ee
bpRNA_TS0,bpRNA_RFAM_33611,103,c8af3061a0c8a4c0b45758e8be38ec41161b8b74
bpRNA_TS0,bpRNA_RFAM_25069,320,bef836286766f706125cf3ad98dde14b21795f46
bpRNA_TS0,bpRNA_RFAM_7155,213,0974709442e4778feab7c865f862a3d622f885e7
bpRNA_TS0,bpRNA_RFAM_21554,108,1cc85062affb7f14ca4d21d557aa49de2e6a8152
bpRNA_TS0,bpRNA_RFAM_27946,68,71d55b558cf22fe5313f8763d4c4a710a01144de
bpRNA_TS0,bpRNA_RFAM_10560,259,51e4b73019aee0aea58f8d656877d8b924ec5cf0
bpRNA_TS0,bpRNA_RFAM_22188,64,d60d1a5ea2c739e1594200db65eeb3b1d5e69f74
bpRNA_TS0,bpRNA_RFAM_2722,397,d123f348922ede047607ecf6bdd91ddb20b8a721
bpRNA_TS0,bpRNA_RFAM_34934,52,381289e914441ff2557d32236b094bbd5f07ca3b
bpRNA_TS0,bpRNA_RFAM_24976,139,77d75764dcc4880d0e9a743f371652ca2e7fbb53
bpRNA_TS0,bpRNA_RFAM_11557,78,44062d3c94433c598e18d66cf5d88da111617165
bpRNA_TS0,bpRNA_RFAM_21216,114,4ea1c4312e0ec762acd9494881fe9572ab6d0f44
bpRNA_TS0,bpRNA_RFAM_7940,64,5328504013afabdf090c18216ee779ee5386a1d0
bpRNA_TS0,bpRNA_RFAM_2720,331,26907d6c0043175277033e5509b7e2ccf0481ee7
bpRNA_TS0,bpRNA_RFAM_21276,99,013809ffc5ae2dfa7ffd3d57f23be3c96743f600
bpRNA_TS0,bpRNA_RFAM_42169,65,204bc534027c27316109ceaf5e58e3ec9cac33fb
bpRNA_TS0,bpRNA_RFAM_34572,125,42911ece6ac6fe8cab4d891c1f5492daf49843da
bpRNA_TS0,bpRNA_RFAM_38602,150,6cce7bfd8ef88a1dff00894507c419475f36009a
bpRNA_TS0,bpRNA_RFAM_1706,71,89216bec5041252861582a95176f3de86a83e90d
bpRNA_TS0,bpRNA_RFAM_24906,77,f2d5b71c85fe679107832394499b41b23fea0d24
bpRNA_TS0,bpRNA_RFAM_23233,46,9b3428ff398b03fb11061973d8439759a0b6eff7
bpRNA_TS0,bpRNA_RFAM_5974,274,185b446f7b9eec807bd177bec828a5c99249754c
bpRNA_TS0,bpRNA_RFAM_24717,197,6b7a6831a309ef4cacc23fee983f24fd150a52f0
bpRNA_TS0,bpRNA_RFAM_9038,192,25c7e13ee6f2bed7a1e21d5d9d082c2e4552ba74
bpRNA_TS0,bpRNA_RFAM_3685,123,8e77391462c3e076c9d07825fc2ba20508827798
bpRNA_TS0,bpRNA_RFAM_8993,219,f1ce8477811dd5b524c5664aa78d4ded37788153
bpRNA_TS0,bpRNA_RFAM_34740,75,0bfae57abe8d5cc4e0a0561a5cbebb03be4df5aa
bpRNA_TS0,bpRNA_RFAM_31482,48,4ff47a427103beb91d7ab1a96bbdbf12ac5aaf75
bpRNA_TS0,bpRNA_RFAM_16889,42,249ea165ce86a1afc0c793567840e88a8c229c0d
bpRNA_TS0,bpRNA_RFAM_42575,100,27e3e6d171ac90a0c3440d79dec5103458f087dc
bpRNA_TS0,bpRNA_RFAM_41689,64,300992e3e84d5c5aa8ba8ec30fb18dc21c2fc132
bpRNA_TS0,bpRNA_RFAM_1349,72,12170397827f063d87c01714bb8db5b296a0714c
bpRNA_TS0,bpRNA_CRW_55438,126,af3af82cc8696f87d6f94558020a655b3321b626
bpRNA_TS0,bpRNA_RFAM_14719,74,b654cafe39d5d8ab4f198d2421bb3bca3b922c5d
bpRNA_TS0,bpRNA_RFAM_18140,166,9e1ee649c1eaa1d29070168094bc7744df0df6a6
bpRNA_TS0,bpRNA_tmRNA_168,291,ee82da68f70d64bc9fd0abc278509a3a56ec68b4
bpRNA_TS0,bpRNA_RFAM_1862,69,95e806454d626ab43e57d5f1d7319c486a87fd2a
bpRNA_TS0,bpRNA_RFAM_9749,101,bb69597668337155b13fa78457d073b6b7e6c904
bpRNA_TS0,bpRNA_RFAM_11103,75,705d38ef3e28f1fbb457bb3b69e99a5d6a0ab5aa
bpRNA_TS0,bpRNA_RFAM_33959,66,5f9dbafd7ca19bf33328da12f35c8591ad62c662
bpRNA_TS0,bpRNA_RFAM_33698,82,12e909d76de2f64729f673136b254333ff59d52a
bpRNA_TS0,bpRNA_RFAM_9709,103,bf0bf9186e108dcdbde7d8b8a88be79d9e1895d5
bpRNA_TS0,bpRNA_RFAM_39694,151,e9c58eb5a9a1b6e718706ebead71a883ba8a6025
bpRNA_TS0,bpRNA_RFAM_5352,61,17a0242fed64d3c0c205711e9d36949b0c2b3d3f
bpRNA_TS0,bpRNA_RFAM_2400,389,ed44a583ff76914557340e7d435ee781064aa256
bpRNA_TS0,bpRNA_RFAM_6874,82,95ede454ecfebd6f8359452e6e729067fe184fc1
bpRNA_TS0,bpRNA_CRW_26859,73,6b62fcb27b2fce29383677f09e0f045fc48c8681
bpRNA_TS0,bpRNA_RFAM_15371,114,e6571345a9224f37200c439cfe6aa12a508fe2d9
bpRNA_TS0,bpRNA_RFAM_5849,97,8c4023bf9d925ffe93e7240f468768c89d3f1d10
bpRNA_TS0,bpRNA_RFAM_26347,86,f02380c00a127f37cdb9bdc77c08963f307457a9
bpRNA_TS0,bpRNA_RFAM_37473,117,bcd34b5bd42108caeaa346239b072efba40e67bb
bpRNA_TS0,bpRNA_RFAM_18515,227,6e60c52b8e584ca890c38d79405044860052fa6b
bpRNA_TS0,bpRNA_RFAM_38370,217,6bfdb9908b229b4260aa15ff6e2b43eef02bbada
bpRNA_TS0,bpRNA_CRW_16282,117,176dee3e5acf63ec2da490b143fe77c7eb6e3da4
bpRNA_TS0,bpRNA_RFAM_24722,201,33a32078d63d7023458fd2d1e3a18a55d505ce40
bpRNA_TS0,bpRNA_RFAM_42225,167,a6c71e908c127bc31d1dd4b036c1ab328f0bae88
bpRNA_TS0,bpRNA_RFAM_19252,103,453cdd09535a6546a7f7a4342c62ad422a9186f0
bpRNA_TS0,bpRNA_RFAM_42484,121,5c5fcfcb75190cbbac0104ffbe9618d0f56700d9
bpRNA_TS0,bpRNA_RFAM_14510,88,6b03da69ba4524fc29b633ff6527c621c87d8d13
bpRNA_TS0,bpRNA_SRP_861,100,5be3a57c12e6d6d19f50442bbff1e440b7fb7f64
bpRNA_TS0,bpRNA_RFAM_26614,145,541769e23eb66fff38f726692854f1e8447dea0f
bpRNA_TS0,bpRNA_RFAM_32711,84,9feae6ca82379f036ce979e2e3851031758405b0
bpRNA_TS0,bpRNA_RFAM_18679,79,0cf3eeba990a53466e51dbf72ce86ef489fbb355
bpRNA_TS0,bpRNA_RFAM_6040,151,35a4ab4fa11545e90703943d99560922ed386e31
bpRNA_TS0,bpRNA_RFAM_5444,123,3d1118d212141398c1b1d2c1c08b284e6686cb83
bpRNA_TS0,bpRNA_CRW_15828,111,02a3206be62ff0b634ddb3ac507d415c76959711
bpRNA_TS0,bpRNA_RFAM_9931,55,bacbafad07c8c29b6ed47e5ec6e9a427d3c6bd21
bpRNA_TS0,bpRNA_RFAM_27887,67,39da238190d7d69e8556c349ffc704cc9947efe4
bpRNA_TS0,bpRNA_RFAM_41348,98,03e1f171810fda47d0a7cb14803022dad1ef8a33
bpRNA_TS0,bpRNA_CRW_29631,72,85582ac54fc72e469ef48c55c63e9078b3266b32
bpRNA_TS0,bpRNA_RFAM_15087,274,49e172ea1818e396a438baf9e525ceecebde5032
bpRNA_TS0,bpRNA_RFAM_31524,160,7436d5c4731fce318c5899cf4a0ef6b71c763245
bpRNA_TS0,bpRNA_RFAM_26929,72,5a952b2cea8999f71465d120e4940e40b30f815e
bpRNA_TS0,bpRNA_RFAM_22746,121,5f23dcfba8c33312f8ee4db176ad55071d41187c
bpRNA_TS0,bpRNA_RFAM_10644,83,c8615bd24422cc5ae2e13863246a221d647139f2
bpRNA_TS0,bpRNA_RFAM_22913,160,f08332880600e9d5de20d121a8caa221524ed68d
bpRNA_TS0,bpRNA_RFAM_12995,167,c10f4668ac50c92c86472d55dee23d84add4f8d6
bpRNA_TS0,bpRNA_RFAM_41242,83,cf5f8c829e74892ba7950071e3f530d9408f0353
bpRNA_TS0,bpRNA_RFAM_11766,115,dabcc01fc2f9cf989568aa16acfa4fdf011132bc
bpRNA_TS0,bpRNA_RFAM_5512,119,f8439bff9ce0dc0aeea94d30448b9f6f7f08518a
bpRNA_TS0,bpRNA_RFAM_160,118,b6c81ff1e511d81cdef782bcf202a5e99b5c434b
bpRNA_TS0,bpRNA_RFAM_16197,202,83eeab4f349e3b14b673e91ab5e0c4aacccecbc2
bpRNA_TS0,bpRNA_RFAM_40254,84,77cb60b105c275fa076787d4a1ffda4491285abc
bpRNA_TS0,bpRNA_RFAM_6613,124,d06c423bca0b54085f37d410c5f14fdc899ddda2
bpRNA_TS0,bpRNA_RFAM_18802,86,63ec697699d76478629a17c45b4ebd90fb4457ed
bpRNA_TS0,bpRNA_RFAM_5189,223,81929ec95682091edf8a2b09e85d0fb432bcf8d5
bpRNA_TS0,bpRNA_RNP_414,406,fc6d8c26ca79ac3f7d7a80f59dd935c0bbf1f4d6
bpRNA_TS0,bpRNA_RFAM_36483,63,20fbd5ae5bd7942dd2d5c81fbddb1d98a9c6023a
bpRNA_TS0,bpRNA_RFAM_21238,113,930a203e38848ae626ecb504a558abf707b6e436
bpRNA_TS0,bpRNA_RFAM_20621,82,af0929d407341dcc19db6c2e132bbff83fc121a5
bpRNA_TS0,bpRNA_RFAM_27096,126,cfddb35f669a630c4ebc3877c752f47d917a8a92
bpRNA_TS0,bpRNA_RFAM_32679,64,9e5b43e4f706bf03b77374958ea58650adc2b469
bpRNA_TS0,bpRNA_RFAM_37605,123,6a92555318b9cca0c5fc5561cf4dae9170de11c7
bpRNA_TS0,bpRNA_RFAM_4490,167,9c867a9477add6803e2f2c0ef95580d59edce6aa
bpRNA_TS0,bpRNA_RFAM_38307,241,9d04d3174656737d9192b082fcf90ca3d5976a1e
bpRNA_TS0,bpRNA_RFAM_15706,104,27fb1b54e512c713e116e328d802b1839f012f2d
bpRNA_TS0,bpRNA_RFAM_23293,93,7f4c2f2481c3e0dde7ae360c6dc04fe3ec3651d7
bpRNA_TS0,bpRNA_RFAM_21832,136,12dff10232cbff084dfa94692224c1f63098ce21
bpRNA_TS0,bpRNA_RFAM_11176,88,a173793b2abaefd991238747acedde6b72e983b2
bpRNA_TS0,bpRNA_RFAM_29070,63,077961c06cabeb948d18ebf448bcb579c345b8cb
bpRNA_TS0,bpRNA_CRW_30722,75,66cc2d069cce0dcbe31ecb7280aeae80af13ad6b
bpRNA_TS0,bpRNA_RFAM_9130,225,617b3e32d1cdcef436631423e00320afe143344a
bpRNA_TS0,bpRNA_RFAM_6898,91,99e9521cf79a79c32d9434f7d50edf5819863aef
bpRNA_TS0,bpRNA_RFAM_2225,55,16a7642511398499fc22d4cb27d186d6d48e26bb
bpRNA_TS0,bpRNA_RFAM_9133,189,8e25d4aee2e4827c4e7f246fd0a2e238b15bd69a
bpRNA_TS0,bpRNA_CRW_20581,344,0fbdcf2dbe0894b8f4a7b724797e779f7e28e523
bpRNA_TS0,bpRNA_RFAM_11843,100,20804878d657575ce9a1f84ffe89c07523387dc4
bpRNA_TS0,bpRNA_tmRNA_340,359,d6de479bf07d69330932b5f531bc8116c2a1ccca
bpRNA_TS0,bpRNA_RFAM_1072,192,161a17969a16d30d6bf1d4b6ab5b90f33b0e73a1
bpRNA_TS0,bpRNA_RFAM_22136,97,b8d0adc02e254dcd031ae5e4bc2c795288cc8181
bpRNA_TS0,bpRNA_RFAM_1170,74,c47c881dc09d77a50c91a9c645f3132d2639a8a2
bpRNA_TS0,bpRNA_CRW_42293,76,cc680dc0d01d9a3a7675ae97be61da4ee777ed88
bpRNA_TS0,bpRNA_RFAM_28373,87,0fabf153891ef0b91b033216dbb5742e4547c761
bpRNA_TS0,bpRNA_RFAM_4326,405,d0eb5bfbee74f376ac8ec1d4461757676a4c920e
bpRNA_TS0,bpRNA_RFAM_22684,75,35ac01db0b803c9986e4d120208c8e601e9dfda4
bpRNA_TS0,bpRNA_RFAM_25658,134,53a4c4e1f86e02b8efbffeeea6eaa07c34edc88d
bpRNA_TS0,bpRNA_RFAM_41135,105,af592f8f89fb6ac67b7f5b983119603b9828e465
bpRNA_TS0,bpRNA_RFAM_21323,104,58517d09852a6f8a7e66724e14f8ccda6c83a6e0
bpRNA_TS0,bpRNA_RFAM_16599,141,3ff3f0a1f216147d8315bb1ab86200f3b47061ef
bpRNA_TS0,bpRNA_RFAM_8211,113,3fb3fa649ae9b3dea50953cdfb01e06e0ef58ae1
bpRNA_TS0,bpRNA_RFAM_848,165,bc65064102f2e75e49381c4d9d12415524b94096
bpRNA_TS0,bpRNA_RFAM_40155,133,6e63a2495e53e62e1a5bc96eafb334f876ca3983
bpRNA_TS0,bpRNA_RFAM_22967,113,de62834792691c00219dbf5d9af9a64e999958d5
bpRNA_TS0,bpRNA_RFAM_35485,92,65c03a81e30215e1be9f7cd8338687ab56dab6a5
bpRNA_TS0,bpRNA_RFAM_20013,69,0cca83236d91f4bc6bd0a9ad1b80e19c9a5e90ef
bpRNA_TS0,bpRNA_RFAM_13722,136,eddf83aed75fa2fe8d514cc76b08747b2e8c82ff
Rfam_seed,AAAP01003109.1/772-975,204,f2802522c76c31a74b840a21e4fc47c1b91ca60c
Rfam_seed,AACT01038002.1/337-622,286,0237610fd6187a504d41745223abc1eb2d544f88
Rfam_seed,AB031214.1/4204-4277,74,7899ecc2893ffc93cdd4fa8ef7e902630863e2fb
Rfam_seed,AAJM01000138.1/2313-2480,168,40ff08bb918501a6ba614192b474c9eee608b51d
Rfam_seed,K00788.1/2-165,164,2ecc9a3097bd363b44b560616a5d880fc251b379
Rfam_seed,AJ243001.2/347-509,163,c9408d6cbd9b4af6f1af5a54fb4ce50a73bcbd2c
Rfam_seed,AAOH01000003.1/223452-223841,390,28efc1ce87d55fa5c59f4e07f1725be81877fd31
Rfam_seed,AAGE02003358.1/100111-100407,297,44a04f062dd5fb88f9ae66258b2f5d23b0bf4643
Rfam_seed,AAFX01011285.1/689-521,169,117a02d1a044b887bc99909e6da7ac8f9a354522
Rfam_seed,AABS01000318.1/14425-14147,279,c2fd9cd2f311da5974a22a7b875a08c2039907c8
Rfam_seed,AALZ01000005.1/160175-160352,178,418ef304e0bd30459422a4f5a83c49e190a200d1
Rfam_seed,AAFJ01000006.1/109216-108858,359,a3975118c996d9dcdeb44ccd825085730d368c29
Rfam_seed,AAEQ01000019.1/51159-51260,102,baaa7b253dd704ab54293896778dfe4c992ef92a
Rfam_seed,AF096755.1/373-488,116,2bf693a692b80ae276bbcc0820f2f0e62973da14
Rfam_seed,AALV01000001.1/1015631-1015532,100,f784c1509954b81c6afa1c0f1a48cbaa50d397ad
Rfam_seed,AACT01041609.1/35558-35664,107,4db39512063e4f076cd2ddef43e1c2e87a6248ba
Rfam_seed,AB042240.3/15036-15107,72,637d5e4985bd65b7528b0d63dd2b8ea8710d508d
Rfam_seed,AB035923.1/6106-6178,73,aa57d7a21a97cb49603290f897f4efab7419169c
Rfam_seed,AF114034.1/6052-6168,117,bf3646ec9bf9cb6f6c5aab0c549518d544b2b458
Rfam_seed,AAOB01000003.1/8301-7930,372,58fee938976410752fd1c524f2966555b8b9d7d9
Rfam_seed,AAPI01000003.1/215670-216054,385,d94c537119897658c0a95c0879436a13ca249be0
Rfam_seed,AAOX01000002.1/320062-320165,104,f2b7ec0b6ba0b48a54b876663a7e5bf9f6064938
Rfam_seed,AB087258.1/15478-15568,91,e1092f62cc552bee8d7f0e6861bb024981ba6bf6
Rfam_seed,AB031215.1/9125-9195,71,af6c10c0a6cc039d8d8fb562c8046e8bddf40109
Rfam_seed,AAOX01000028.1/42464-42565,102,d914cc2c9e9ffcc6e59f66134128341db20bd830
Rfam_seed,AAEW02000009.1/28314-28685,372,745ca2b4b23eb0bd72ed58ecb874247a198a902d
Rfam_seed,AL591978.1/212840-212931,92,9d6354289874e075abc75f60ceabc2ff17bb40e8
Rfam_seed,AAEW02000025.1/17075-16894,182,446789f0135d3c4a0bb0a25e8fc5a2316f2b1184
Rfam_seed,AE017355.1/2242861-2242742,120,edb99e3647460ddd64653a7ad26c148291f5d306
Rfam_seed,AACY020564764.1/1738-2092,355,219a34c316860dc726242ffd1bac9df53bbb9fc8
Rfam_seed,AACO02000104.1/123353-123240,114,865df1408777d4220b0ed1a1bfd1abbfcfdd15ae
Rfam_seed,AAOE01000014.1/15829-15485,345,0e587d0ffbf2f5b044bb81b8be16fec6cca6c273
Rfam_seed,AAKK02000001.1/258130-258269,140,14685af8fa3a2f20b2edd5115365b4f8e1f0cecf
Rfam_seed,AAEK01000033.1/47712-47817,106,14c671adc9dd299c15076716a7a9717db672be05
Rfam_seed,K03128.1/241-77,165,b50c77f3965231db40571835b75b17373de7937d
Rfam_seed,AF269536.1/680-500,181,639284606ca313733fca6ea6adfa892120e92f74
Rfam_seed,AB009835.1/1-71,71,d0851aadc9b5d069bad096a39619857c223bb2d8
Rfam_seed,AB385841.1/13217-13047,171,c6aab51271b29363eea2a057906f635738d3fab1
Rfam_seed,AE016827.1/1325416-1325239,178,7de931d312448e16b09f9d58f6fd5f57b7a2623a
Rfam_seed,AE015927.1/24077-23975,103,0ba6fbbc97ffc8ca56a82eac11e1711d49c5acb0
Rfam_seed,AE014292.2/713320-713218,103,1e068014e5a13b1e94eb030c15ee7c3b4266b1d6
Rfam_seed,AACY020561358.1/221-575,355,292750a7d8956b417a77643db2af1757c94c5d4f
Rfam_seed,AADG06003467.1/1334-1527,194,d9bf42b3bb30e68f006284f5b6c430dbf63d5c4f
Rfam_seed,AF270378.1/2268-2051,218,7760e703218ce0fbb440d9bccd5f60ded115c3db
Rfam_seed,AE001437.1/136141-136243,103,065b0cf32203b69b926bcbf1f5c4fc7341365cea
Rfam_seed,AANE01000023.1/29684-29331,354,d8155cfbae4edc64d9573ff26bb22fb201cb0889
Rfam_seed,ABDQ01000001.1/467807-467647,161,9b70e945dcca9891f9d61e751e8645f532b89384
Rfam_seed,AADA01287270.1/15999-15809,191,fad6699d913300a00c068ef94668a6735e4e09e9
Rfam_seed,AACY023318861.1/904-508,397,2b2793f4728eb09722c152489c77ea5c81b71264
Rfam_seed,AACY020396050.1/454-188,267,7c61005c299367e53019135df752b5395e6b4a8f
Rfam_seed,AACW02000210.1/206231-206366,136,2617fe2a45266ef381537404c0d1a678f2016b2a
Rfam_seed,AF114036.1/6058-6174,117,6560dcc572dc3a04dc2aedb1412125beaa030bda
Rfam_seed,AACF01000119.1/10356-10566,211,5411ff388c210322cd8c8eecbe86c3a35984c8f9
Rfam_seed,AAAB01008933.1/1598961-1598821,141,2f3e0587528d7ff562c0deaaf0ce8c495c6bbff5
Rfam_seed,AB118748.1/319-422,104,dfbc3a23e8a2971621afe80e8551af6aae6aacff
Rfam_seed,J00645.1/51-213,163,32eb298e793c59ee70789eb4e8201fe490de121b
Rfam_seed,AB042432.1/3845-3913,69,6e46625d00883fc70b9b66fd89903377c08b2778
Rfam_seed,AL939123.1/278145-278052,94,a21e28cfe398cc8a66c9704e56d84484cc0f8eac
Rfam_seed,AAOX01000016.1/69993-70130,138,d71d5c72d5835a9e1d59c696a612b141ee323d1d
Rfam_seed,AASE01000018.1/36798-36683,116,c812e9eae4a541f9a04c18e95adce3b62373f0ed
Rfam_seed,AADC01117175.1/34409-34130,280,4ff39f01cd24c040d16d6daf13d3bec714f2781d
Rfam_seed,AACU03000146.1/753634-753781,148,da1ca4d2421c0f877168e295a30454aa1a46ab05
Rfam_seed,AF083351.1/469-590,122,5c88ba38f0fba32c45ad971ee4defdaab6982e5c
Rfam_seed,AAMR01000003.1/106610-106709,100,a682d2db1717de9c902b7eb569a549c9fc509dd6
Rfam_seed,AAAA02007579.1/14294-14490,197,ccda990387ad83ae4dade5d2c17b9dcd94f1c6cc
Rfam_seed,AE008691.1/2140374-2140272,103,6b24ff89ad7a0269739ff614334b386e2ee5777b
Rfam_seed,AE007317.1/646024-645926,99,e98bb4bbac7fc5159dc8e6ba7d3d2e4a7ebddff8
Rfam_seed,AACI02000576.1/2356-2546,191,c64d59c46bf9e973fa397a45617b0b8053fc505e
Rfam_seed,AAXV01000001.1/277776-277678,99,30e939bc3005de68d2a6776f6fc5863d701f077c
Rfam_seed,AP006716.1/2548377-2548277,101,2aa37d2e277b5f6bb4b9127bb558b027f9f5005c
Rfam_seed,AE017355.1/2242962-2242862,101,002d3308d0ab92eb9142e7b4c71d411b3aea5cd5
Rfam_seed,AF034619.1/5584-5700,117,d43a6b9d2dd5538bb3db4647a6e25d5c879e2eb5
Rfam_seed,AB042432.1/6942-7011,70,4e57c8958812bb3c0d422f621a7b53319ccf8bc7
Rfam_seed,AALE02000017.1/13768-13946,179,a48a6f474cba90d93aab6bafcde906abdc29a508
Rfam_seed,AAOU01000016.1/100989-100601,389,44b073a170068716d918ea9270773d3ab33828b6
Rfam_seed,L25915.1/1-159,159,605729fe27d6bb4ffdfc056fa9b3b81d3d51e092
Rfam_seed,AAWP01000069.1/5541-5721,181,87cf813350fc7044e777ca1ba2b8790a55ef4805
Rfam_seed,AACV01028831.1/1594-1241,354,1769ca665b57dbdc993a63fe38bdd673294ec3e4
Rfam_seed,AABS01000247.1/111722-112007,286,a6a05e9a1f1aabd4511c86c265c45d9e6685098e
Rfam_seed,AL009126.3/3421348-3421169,180,19194efde219b6591d16860b00a11b85de5cfe9d
Rfam_seed,BA000004.3/1819757-1819575,183,6edc7aced676e6079576a4cf883a50c1ee26c917
Rfam_seed,AANE01000019.1/87182-87037,146,5a38fdfd0f032a5562e79db016a64c5eb6336722
Rfam_seed,AAAP01002012.1/63-264,202,b9455dadbbf16184ec660b99b2224e672ee47a09
Rfam_seed,AACM02000196.1/54942-55125,184,e21cb1b5e67dda017c6fe422774a3e27039a1f97
Rfam_seed,AE016879.1/25115-25379,265,3129ec99847594477112b65b63c5d078336d9258
Rfam_seed,AACP01000036.1/91007-91135,129,295d44b7822489a3496baf12ce568fa55f548b2b
Rfam_seed,AACD01000007.1/178412-178544,133,d5ef344e3b59128a3c11210016327b62b8f7cf8c
Rfam_seed,AAMO01000002.1/442801-442402,400,cc8693897cc9070dcbd729c903437d1d2554cae2
Rfam_seed,AALY01000001.1/1587847-1587654,194,42f4d1bd11a115e642fe703fb3a19abc56b446b5
Rfam_seed,J00914.1/146-309,164,8c7281f5172ad2a7cc73705e525178bbb623bd3f
Rfam_seed,CP000557.1/163698-163870,173,2df876cc6bb9151a0c1cf1041d987ce701206380
Rfam_seed,AAMD01000084.1/10237-10454,218,b44b8442ac34da12593a90e0aeefe6081761d852
Rfam_seed,AAEW02000019.1/41610-41804,195,de5de933cce48133b3b69c49a1b00201e237787b
Rfam_seed,AF036708.1/19036-19140,105,0c415b4b3cb6450d7eede3d5fbfc2f0ee6d8ccdd
Rfam_seed,AC005496.3/78625-78498,128,ead402ab81eed3b8f2169f4fd30a49eb0266ed05
Rfam_seed,AAXV01000059.1/1758-1594,165,9cfaabc7383e30d62713574d177d1c6d084e7cd9
Rfam_seed,AE017333.1/30486-30751,266,0963bb1be555b2e2b1cae902fc1fd6686c70cde2
Rfam_seed,AARM02000086.1/6918-7038,121,78b7f189d01e47f9c4901773d23527a5185868db
Rfam_seed,AAEW02000005.1/94749-94397,353,61d5da7c4c8da67efc8107d01b9fadd730d452aa
Rfam_seed,AAVL02000037.1/263157-262991,167,9dc9d7d68f235ff92931fd1adcddc0b28417ffe7
Rfam_seed,AAPG01000027.1/38942-39095,154,6798740c08be913c562730db051570fbd78b249a
Rfam_seed,AE016830.1/2055460-2055313,148,dcee3a5d31a5c7a18bf8e52e1a39beea400af5db
Rfam_seed,K00529.1/225-388,164,1843369ce1d0b0492a1fedd6f618376d9820fee9
Rfam_seed,AAFX01031538.1/449-804,356,00d8e13f758acd398fdbd3c35b2ab68b7fc14b08
Rfam_seed,AE008691.1/1826306-1826220,87,f513671259710e343e4ebbb103733173416d0390
Rfam_seed,AAOX01000007.1/111657-111757,101,691937145c0f6ce3f9d51d99a9bfab38c911688f
Rfam_seed,AP006716.1/888948-889158,211,ce0bce5f101751c43ad3896ebb001bb3bdc177fd
Rfam_seed,AE000516.2/79275-79185,91,916d1fe16f18258351f08803127673818de6a04c
Rfam_seed,AACQ01000018.1/49571-49783,213,c3e8e1b14814c6dd4ac3f90b73f715b407a3d9db
Rfam_seed,AB035926.1/5989-6104,116,42a5f8e32784a9cbf799f77505bfa89868add600
Rfam_seed,AAOW01000035.1/17820-17459,362,400546e62cc0dd04dcdafcdd18a70a61308c0a08
Rfam_seed,AACY020561232.1/2642-2986,345,ab247746d069679f7e37edf7365eee6f6ddeea75
Rfam_seed,AACI02000565.1/65-236,172,6ce20d6303d7198153ac6f7529da818b484799b7
Rfam_seed,AABX02000022.1/362974-363076,103,207d7ef9f52c85cc6ee2e1d312aa070025686caf
Rfam_seed,J01156.1/9-172,164,0f9265b4fbf616c60ca199865085d4d2efc64ea0
Rfam_seed,AF008220.1/5185-5300,116,f93a8089fe60cc8653d78dd207a1ff9b09908754
Rfam_seed,AAMR01000081.1/12435-12061,375,a2fd047f1d29e54b97fe3e680d52c7b1284d482a
Rfam_seed,AAPS01000004.1/87369-87468,100,5d2db786ec51bbfc8d7d850dd5705fe4d4f8f370
Rfam_seed,AE008922.1/1299977-1299896,82,aca7f29aaa45aa49b61e0ec24677cf333086508e
Rfam_seed,AE004439.1/116056-116172,117,6b95cfcca9839e61623f0a858e8b527cf3e6c5b1
Rfam_seed,AAKX01000098.1/49369-49177,193,34d7fd57d9436596fa90fd9a31d931c2c11559c4
Rfam_seed,AANA01000001.1/1389418-1389294,125,ced188e37224e05ea8b2ebe6bb0df12750a7050f
Rfam_seed,AABL01000365.1/9537-9644,108,46028afb511c41db9a7921573ade6fd10a6bb450
Rfam_seed,AAAP01003520.1/1076-876,201,f7117072f316918029962dee178a817191730e8f
Rfam_seed,AAOU01000004.1/94074-94215,142,b58a8d6eebb357152e6b2c17ea29d26cfa4aeff0
Rfam_seed,AAGE02003358.1/57464-57166,299,5f0186cf861a06dfd8e71273d7da3efc2b17cd0f
Rfam_seed,AE008691.1/2101605-2101448,158,b06ba0bddcc914b978570e50075adb874b75edc6
Rfam_seed,AADL01000160.1/2071-2429,359,8b2862abfba7933be512060e89810a49e8b17f2b
Rfam_seed,AY198211.1/1-163,163,2879fed51180c93d9854f02c22170fb52ae7f0ed
Rfam_seed,AAAA02039738.1/1593-1956,364,5a62a250abc601369b1057e96fbee5cafd4b3fab
Rfam_seed,AACY020193176.1/1612-1511,102,6d6398ab87d77896ccf1355cc42afcf0ebeda4f2
Rfam_seed,J00318.1/433-596,164,2ecc9a3097bd363b44b560616a5d880fc251b379
Rfam_seed,AB008757.1/115-16,100,01b26b71a0f0d3a16f24ed28d25cf1c03c5af71f
Rfam_seed,AACW02000046.1/25302-25425,124,1a879540ceae5a49ebce2206346e4e73a49ae88c
Rfam_seed,AAXV01000026.1/31334-31233,102,84f8c3a9036b79f9606aa2e97814a17448450332
Rfam_seed,AABU01002774.1/16804311-16804417,107,5461c53f0aa0b91b3d6081de6e78a54776cfa88b
Rfam_seed,AAKK02000085.1/12844-12662,183,85d6eb162ba0283565f26b0e0fac68665d57fdde
Rfam_seed,AJ301559.2/6784-6876,93,4bc328aa7639c457038c214d914047ed9986cbb4
Rfam_seed,AAGD02010404.1/8312-8015,298,889f9282b029815901b977f9b6aa0b23d65c09ab
Rfam_seed,AAOX01000002.1/340881-340984,104,8a74edc66c00f84941ef6dc1f162aaee507feb21
Rfam_seed,AAFX01122557.1/25-152,128,a11bcdaf4d0fd93e71501ca6ffbe9e7e1ae43f7c
Rfam_seed,AF114033.1/6078-6194,117,b8631334669eeaaa967d7157a2af8fb328a6e17c
Rfam_seed,AB042524.1/5257-5192,66,9adcaa87a9977f1452df33e7e4edbb15202c5cd4
Rfam_seed,AACT01037627.1/49101-48816,286,0237610fd6187a504d41745223abc1eb2d544f88
Rfam_seed,AE000512.1/1124728-1124612,117,8db6881031a2372d4cc7eba3267337fbac6ee2f8
Rfam_seed,AAMR01000029.1/5147-5324,178,a3205bcb93c86c7c20c9ed5de68ceacf159c37f9
Rfam_seed,AE001437.1/179915-180075,161,b36ae8615fd4075876b3639290dd8772d82dc8bc
Rfam_seed,AB006424.1/2989-3156,168,b220b80c0987899560f8b050604a4edf2b47bcb2
Rfam_seed,AARF01000324.1/6363-6261,103,98eeb7e1e427dcb955a567c140c7df35b4a271e7
Rfam_seed,AF001265.1/6033-6149,117,6f49bf29a8cdc0026dd2101030d3d8367de71a56
Rfam_seed,AADK01043685.1/1410-1272,139,05a803d533332a1d63ec74f0e646c2abb3f00a70
Rfam_seed,AACY020397167.1/942-809,134,319bb761e963203e538710b54446a0cf0ea15ef9
Rfam_seed,AE008691.1/1524796-1524694,103,195b3063f83acf36bb646cab9bb7048e623b9ce9
Rfam_seed,AASE01000003.1/858-707,152,90cf816504c1d84e12690285b71bf6ff8446e7b9
Rfam_seed,AARG01000011.1/103271-103357,87,35174fb96284a1233ff250274b0ebc084a67d161
Rfam_seed,AY198213.1/1-163,163,c55e3cd8b5c76569e21d5f4f0f7fc3aa1ee53d2b
Rfam_seed,AANE01000012.1/49153-49054,100,9a79d32ccc58d72c9849a16fa0c5ef7a69410bcc
Rfam_seed,AB013373.1/3754-3825,72,a229f8cd6d085cbebe8e8382902c895886f7b3bc
Rfam_seed,AACW02000088.1/106193-106487,295,14ee752de64016b8f9c363ec0a6a56fcb142374a
Rfam_seed,AE004439.1/1026545-1026371,175,eba3b4d6c084e733e6dc92042a530460900799dd
Rfam_seed,AAJM01000138.1/1999-1823,177,2ea104df459d765186007e1ca17ea0738dceeafa
Rfam_seed,AARQ02000011.1/391-585,195,9c9f3f4a72b51d2d072d3e6b2d7a757b49a85b36
Rfam_seed,AAFX01004374.1/206-561,356,88be435d03a5acab878db675f818d1770c3231f2
Rfam_seed,AAOX01000015.1/22460-22639,180,259d504acf8613927d338552d177460080187e25
Rfam_seed,AADM01000279.1/397-288,110,5deb2fac6ef4ddb051bbcbb7376c2cde56895a1f
Rfam_seed,AE008691.1/46248-46514,267,64cec7e82ebdf8b34f728a2aef30ebd9844db091
Rfam_seed,AB089921.1/2048-2202,155,be687dc9c02fd6234e879737fe2528b6ad75334a
Rfam_seed,AB001488.1/62222-62293,72,44fa52db87afe6c0c275d517eae5d254fd2c32cd
Rfam_seed,AALC02000021.1/24189-24005,185,b7e54b0941aac61e7967315bd13b04b5e6a6f3c6
Rfam_seed,AANC01000003.1/237429-237533,105,8704b1ea53c4d09204f8bb2e6bab3f57b8cf70d1
Rfam_seed,AJ938182.1/468421-468690,270,176810f29529de4d26df3293753a866b78cb9f17
Rfam_seed,AAOX01000002.1/320243-320340,98,d659f6ff0d52c2000880bd8ced4c0b2a4cbecb26
Rfam_seed,AACN010616031.1/232-530,299,e74328ff193fdd777ec8180b6c19f68949db4768
Rfam_seed,AABL01000318.1/11806-12005,200,00f1cff2eb54da3a355a76bf945fcbdc9552f771
Rfam_seed,AAXV01000001.1/285704-285603,102,ff4354d2c940fdbae068e193f37a4d36cdd2e01f
Rfam_seed,FJ935779.1/2022-2192,171,2e78d8bd6027f3628665b856d2c8f3d3675293b6
Rfam_seed,AE014074.1/464992-464896,97,cb06ed8798cdf93da37362f6411226d4bbb2edf8
Rfam_seed,AACS02000001.1/566465-566333,133,e6acb40096143af4605e67a35b2e36cb717cdb76
Rfam_seed,AE015929.1/2386853-2386584,270,d201b33cfa4b5b1a71d2d50c1a0b4b17f8e0e02a
Rfam_seed,AAEK01000017.1/86437-86538,102,b19941b0c85f1671714937bff124b165a3f78ebc
Rfam_seed,AARI02000249.1/265-361,97,404de06a9c8bf70d7f7ab20467a7ad5a3bf87b7f
Rfam_seed,AAEU02004214.1/433-498,66,9567a5c4d529e5677e75609cfddc1771e7f3f274
Rfam_seed,AACP01000091.1/4899-4707,193,1512c54c290cbb72282293750fd01e228ee67f31
Rfam_seed,AACY020322622.1/575-479,97,a078334eeb8735b8fd1a99fa41d159b73c4f855d
Rfam_seed,AB031211.1/8065-8137,73,ab33ba51a0c195e2c975e32227d7a36edc876e6b
Rfam_seed,AE004439.1/444121-444213,93,ece3aeb5a4914ef5f7f907a04346ba36b5989fbe
Rfam_seed,AAAK03000021.1/12650-12476,175,7265f99b21a24e954bb31af163f73c3106db1a38
Rfam_seed,AACA01000784.1/509-337,173,d6acebc5c72400014ebc47b611a45292ddafaf60
Rfam_seed,AAQH01000027.1/16807-16441,367,8bed100c7f8fb5b74c4f73cae13d5e00db72a744
Rfam_seed,AB045287.1/5831-5948,118,96f9087f828a4dab5a22af91b626c9b38b2c2ff1
Rfam_seed,AAQJ02000001.1/918442-918085,358,e19a2dcdfc5c265f9dfa0e67a3fe512f53a4a263
Rfam_seed,ABDV01000005.1/84537-84695,159,e7efc4854757073ff5e22d4e10b439e3ab6b6f7c
Rfam_seed,AF096716.1/373-495,123,95250bf88b6822ce9a36182d1aa97a469ebd59e5
Rfam_seed,ABAH01000018.1/164932-164783,150,843be10057e642cc7e6a7f44543c63cb00809aa4
Rfam_seed,ABQP01000004.1/146576-146420,157,443856a053a54c04ecf475482afe0e83a75bd5f4
Rfam_seed,AARL02000014.1/678-559,120,9486f9eabe61907d44c7b798ba2bb3bfb100bc08
Rfam_seed,AADD01137907.1/9486-9773,288,11fa38f7735f34bb99743fbf364b8c441d90fbaf
Rfam_seed,AADD01137944.1/11247-10949,299,a240ef047964d8460abaa515bf28241acf29f7fe
Rfam_seed,AAXB02000021.1/33038-32924,115,bac4c900295135e7160fcd0435112263af4775d7
Rfam_seed,AE017194.1/25229-25331,103,65e6154fa097637c60cde4caf2a3e5080818d386
