case,temperature,bp_distance_mfe,bp_distance_mea,ensemble_defect
sars2-fse,37C_baseline,0,0,14.68
sars2-fse,25.0C,31,1,34.53
sars2-fse,30.0C,3,1,17.37
sars2-fse,42.0C,3,1,13.55
smn2-iss-n1,37C_baseline,0,0,22.26
smn2-iss-n1,25.0C,9,4,22.86
smn2-iss-n1,30.0C,4,2,21.62
smn2-iss-n1,42.0C,4,0,24.37
cftr-5utr,37C_baseline,0,0,54.98
cftr-5utr,25.0C,65,30,74.88
cftr-5utr,30.0C,64,28,80.13
cftr-5utr,42.0C,10,1,52.18
mapt-e10,37C_baseline,0,0,32.99
mapt-e10,25.0C,24,4,32.39
mapt-e10,30.0C,15,4,31.80
mapt-e10,42.0C,5,2,25.16
hcv-ires-dii,37C_baseline,0,0,10.92
hcv-ires-dii,25.0C,1,0,12.96
hcv-ires-dii,30.0C,1,0,11.85
hcv-ires-dii,42.0C,0,0,10.65
